Coordinate	Zipcode
40.75,-73.85	11368
40.73,-73.77	11427
40.75,-73.87	11372
40.75,-73.86	11368
40.75,-73.81	11355
40.73,-73.73	11426
40.75,-73.83	11355
40.75,-73.82	11355
40.75,-73.89	11372
40.75,-73.88	11372
40.73,-73.78	11366
40.73,-73.79	11366
40.64,-73.83	11693
40.64,-73.81	11430
40.64,-73.80	11010
40.64,-73.87	11239
40.64,-73.86	11239
40.64,-73.84	11693
40.79,-74.17	07110
40.64,-73.89	11236
40.64,-73.88	11236
40.88,-73.62	11542
40.96,-74.06	07652
40.96,-74.03	07649
40.58,-73.79	11692
40.58,-73.78	11692
40.58,-73.71	11561
41.08,-73.55	06905
40.76,-74.08	07094
41.34,-74.17	10950
40.76,-74.05	07047
40.76,-74.04	07087
40.76,-74.07	07094
40.76,-74.06	07307
40.76,-74.01	10018
40.76,-74.00	10018
40.76,-74.03	07307
40.76,-74.02	07086
40.73,-73.76	11427
40.75,-73.84	11368
40.73,-73.74	11427
40.67,-74.0	11231
40.73,-73.75	11427
40.81,-74.46	07927
40.73,-73.72	11426
40.75,-73.80	11358
40.65,-74.19	07206
40.73,-73.70	11001
40.73,-73.71	11001
40.79,-73.52	11753
40.75,-74.50	07960
40.65,-74.44	07069
40.46,-74.06	07718
40.46,-74.07	07718
40.46,-74.04	
40.46,-74.05	
40.50,-74.45	08901
40.50,-74.46	08901
40.93,-73.89	10701
40.93,-73.88	10701
40.93,-73.85	10704
40.93,-73.84	10704
40.93,-73.87	10704
40.93,-73.81	10552
40.93,-73.80	10801
40.93,-73.83	10552
40.93,-73.82	10552
40.92,-74.23	07470
40.73,-73.98	10009
40.73,-73.99	10003
41.02,-73.93	10983
40.73,-73.94	11222
40.73,-73.95	11222
40.73,-73.96	11222
40.73,-73.97	10002
40.73,-73.90	11378
40.73,-73.91	11378
40.73,-73.92	11378
40.73,-73.93	11378
41.07,-73.46	06820
41.08,-74.03	10954
41.32,-73.81	10598
41.01,-73.91	10964
41.01,-73.92	10964
40.59,-74.16	10314
40.71,-73.33	11702
40.71,-73.34	11704
40.71,-73.38	11757
40.72,-73.79	11432
40.72,-73.78	11432
40.72,-73.75	11428
40.72,-73.74	11428
40.72,-73.77	11423
40.72,-73.76	11423
40.72,-73.71	11001
40.72,-73.70	11001
40.72,-73.73	11429
40.72,-73.72	11001
40.78,-73.68	11030
40.69,-73.99	11201
40.69,-73.98	11201
40.69,-73.93	11221
40.69,-73.92	11221
40.69,-73.91	11207
40.69,-73.90	11385
40.69,-73.97	11205
40.69,-73.96	11205
40.69,-73.95	11216
40.69,-73.94	11221
40.78,-73.89	11371
41.12,-73.75	10594
40.69,-73.73	11411
40.74,-73.78	11365
40.78,-73.82	11357
40.76,-73.19	11752
40.74,-73.76	11364
40.74,-73.75	11364
40.67,-73.91	11212
40.67,-73.90	11207
40.67,-73.93	11213
40.67,-73.92	11233
40.67,-73.95	11216
40.67,-73.94	11213
40.67,-73.97	11215
40.67,-73.96	11225
40.67,-73.99	11215
40.67,-73.98	11215
40.78,-73.87	11369
40.91,-74.19	07502
40.57,-73.78	11692
40.78,-73.84	11356
40.91,-74.12	07407
40.91,-74.15	07513
40.91,-74.16	07507
40.05,-74.16	08723
40.57,-74.22	07008
40.57,-74.23	07064
41.07,-74.00	10965
40.57,-74.27	07095
40.87,-73.42	11743
40.87,-73.44	11743
41.02,-74.19	07417
40.52,-74.32	08832
40.52,-74.33	08837
40.52,-74.31	08832
40.80,-73.73	11023
40.80,-73.79	11359
40.98,-73.97	07624
40.98,-73.93	07648
40.39,-74.09	07748
40.55,-73.49	
40.59,-74.24	07008
40.59,-74.26	07001
40.59,-74.27	07065
40.39,-74.02	07760
40.59,-74.23	07008
41.10,-73.79	10532
40.59,-74.0	11214
41.10,-73.72	
41.10,-73.76	10595
40.69,-74.09	07305
40.69,-74.08	07305
40.69,-74.01	10004
40.69,-74.00	11231
40.69,-74.03	10004
40.69,-74.02	10004
40.69,-74.05	07302
40.69,-74.07	07305
40.71,-74.0	10038
40.70,-73.82	11418
40.70,-73.83	11418
40.70,-73.80	11433
40.70,-73.81	11435
40.70,-73.86	11421
40.70,-73.87	11421
40.70,-73.84	11418
40.70,-73.85	11421
40.67,-74.18	07201
40.67,-74.19	07201
40.70,-73.88	11385
40.70,-73.89	11385
40.94,-73.75	10538
40.94,-73.77	10804
40.67,-73.79	11436
40.67,-73.78	11434
40.67,-73.77	11434
40.67,-73.76	11413
40.67,-73.75	11413
40.67,-73.74	11413
40.67,-73.73	11422
40.94,-73.78	10804
40.67,-73.70	11580
40.40,-74.10	07748
40.85,-74.33	07058
40.77,-74.06	07094
40.77,-74.07	07094
40.70,-74.0	11201
40.77,-74.05	07096
40.77,-74.02	07010
40.77,-74.03	07087
40.77,-74.00	10036
40.77,-74.01	07086
40.73,-73.69	11040
40.65,-73.59	11520
40.77,-74.08	07094
40.82,-74.02	97657
40.82,-74.03	97657
40.82,-74.00	07022
40.82,-74.06	07074
40.82,-74.05	07072
40.82,-74.08	07072
40.82,-74.09	07073
40.76,-74.0	10018
40.66,-73.37	11757
41.19,-73.13	06615
40.81,-73.03	11742
40.99,-73.76	10583
40.81,-73.07	11741
40.81,-73.05	11742
41.10,-74.05	10977
40.99,-73.79	10583
40.40,-74.26	07747
41.10,-74.01	10954
41.10,-74.02	10954
41.10,-74.03	10954
40.36,-74.07	07701
40.27,-73.80	
40.62,-74.24	07036
40.79,-73.46	11803
41.29,-73.67	10526
40.67,-73.36	11757
40.98,-73.68	10580
40.53,-74.76	08853
40.73,-73.89	11378
40.73,-73.88	11373
40.73,-73.87	11374
40.73,-73.86	11374
40.73,-73.85	11375
40.73,-73.84	11375
40.73,-73.83	11367
40.73,-73.82	11367
40.73,-73.81	11365
40.73,-73.80	11365
40.17,-74.01	07762
40.57,-73.96	11224
40.57,-73.97	11224
40.57,-73.94	11235
40.57,-73.95	11235
40.73,-74.51	07976
40.57,-73.98	11224
40.57,-73.99	11224
40.68,-73.45	11762
40.83,-74.01	07657
40.93,-73.79	10804
41.01,-73.87	10522
41.01,-73.86	10522
41.01,-73.88	10522
40.87,-74.43	07054
40.62,-74.21	07206
40.47,-74.03	
40.47,-74.05	
40.47,-74.04	
40.47,-74.07	07718
40.47,-74.06	07718
40.54,-73.98	11224
40.28,-74.08	07712
40.78,-73.79	11360
40.78,-73.78	11360
40.70,-73.38	11726
40.78,-73.73	11021
40.78,-73.72	11020
40.78,-73.71	11020
40.78,-73.70	11020
40.78,-73.77	11360
41.11,-73.63	06831
40.89,-72.74	
40.76,-73.29	11706
40.76,-73.21	11717
40.67,-73.72	11580
40.58,-73.82	11692
40.58,-73.83	11694
40.97,-74.13	07452
40.97,-74.12	07452
40.97,-74.15	07506
40.48,-74.48	08901
40.08,-74.22	08701
40.65,-73.68	11563
40.65,-73.69	11581
40.65,-73.66	11518
40.57,-74.34	08820
40.65,-73.64	11570
40.65,-73.65	11570
40.65,-73.63	11572
40.57,-74.33	08830
40.57,-74.32	08830
40.82,-73.69	11050
40.82,-73.68	11050
41.07,-74.14	07451
40.54,-74.38	08817
41.07,-74.12	07446
40.58,-73.89	11234
40.82,-73.60	11548
40.87,-73.51	11771
40.82,-73.62	11545
40.54,-74.30	07095
41.14,-73.29	06890
40.82,-73.67	11050
40.54,-74.33	08837
40.64,-74.49	07059
40.52,-74.21	10309
41.02,-74.05	07677
40.80,-73.66	11576
40.80,-73.65	11576
40.49,-74.86	08822
40.80,-73.61	11568
40.80,-73.69	11030
41.15,-73.73	10549
40.88,-73.15	11780
41.15,-73.77	10514
41.05,-73.54	06901
41.05,-73.56	06902
41.05,-73.53	06902
40.62,-74.76	08888
40.88,-73.10	11720
40.10,-74.19	08701
40.92,-74.24	07470
40.70,-73.99	11201
40.70,-73.98	11205
40.70,-73.95	11206
40.70,-73.94	11206
40.70,-73.97	11251
40.70,-73.96	11249
40.70,-73.91	11385
40.70,-73.90	11385
40.70,-73.93	11206
40.70,-73.92	11237
40.67,-74.01	11231
40.67,-74.00	11231
40.67,-74.05	10004
40.67,-74.04	10004
40.67,-74.09	07002
40.42,-74.50	08902
41.41,-74.17	10992
40.67,-73.43	11701
40.67,-73.46	11758
40.67,-73.47	11758
40.63,-74.14	10302
40.63,-74.15	10303
40.63,-74.16	10303
40.58,-73.96	11235
40.63,-74.10	10301
40.63,-74.11	10310
40.63,-74.12	10310
40.63,-74.13	10310
40.63,-74.18	10303
40.63,-74.19	10303
40.77,-74.13	07032
40.82,-74.19	07003
40.82,-74.18	07003
40.77,-74.17	07104
40.77,-74.19	07017
40.77,-74.18	07107
40.82,-74.17	07110
40.82,-74.16	07110
40.82,-74.11	07070
40.82,-74.10	07070
40.82,-74.13	07070
40.96,-74.22	07470
40.81,-73.19	11788
40.99,-73.68	10580
40.81,-73.17	11749
40.81,-73.16	11788
41.14,-73.98	10956
41.10,-74.16	07430
40.55,-74.69	08876
40.26,-74.49	18520
40.79,-73.34	11746
40.50,-73.99	
40.50,-74.85	08822
41.39,-73.52	
41.00,-74.40	07405
40.53,-74.00	11224
40.87,-73.64	11542
40.99,-74.09	07450
41.04,-73.58	06878
41.04,-73.53	06902
41.04,-73.52	06902
40.82,-73.93	10451
41.04,-73.57	06870
41.04,-73.56	06902
41.04,-73.55	06902
40.93,-74.62	07885
41.09,-73.56	06902
40.57,-73.88	11234
40.57,-73.85	11694
40.57,-73.84	11694
40.57,-73.86	11694
40.94,-73.82	10708
40.57,-73.83	11692
40.78,-73.44	11747
40.78,-73.42	11747
40.78,-73.43	11747
40.78,-73.40	11747
40.94,-73.85	10708
40.53,-73.99	11224
40.54,-73.97	11697
40.76,-73.31	11729
41.26,-73.12	06614
40.92,-73.87	10704
40.65,-73.79	11010
40.65,-73.78	11010
40.65,-73.71	11581
40.65,-73.73	11581
40.65,-73.72	11581
40.65,-73.75	
40.65,-73.74	11422
40.65,-73.77	11434
40.65,-73.76	
40.82,-73.94	10030
40.82,-73.95	10031
40.82,-73.96	10027
40.82,-73.97	07020
40.82,-73.90	10459
40.82,-73.91	10456
40.82,-73.92	10451
40.62,-73.88	11239
40.82,-73.98	07020
40.82,-73.99	07010
40.71,-74.42	07928
40.87,-73.88	10467
40.87,-73.89	10458
40.87,-73.84	10469
40.87,-73.85	10469
40.87,-73.86	10469
40.87,-73.87	10467
41.15,-73.42	06851
40.87,-73.81	10475
40.87,-73.82	10475
40.87,-73.83	10475
40.59,-74.08	10305
40.59,-74.09	10305
40.69,-73.59	11575
40.69,-73.58	11575
40.59,-74.00	11214
41.05,-73.44	06853
40.59,-74.06	10305
40.59,-74.07	10305
40.62,-74.00	11228
40.62,-74.01	11228
40.62,-74.02	11228
40.62,-74.03	11209
40.62,-74.04	11209
40.62,-74.07	10305
40.91,-73.90	10471
40.91,-73.96	07670
40.91,-73.97	07631
40.69,-73.53	11762
40.42,-74.29	07747
40.40,-73.99	07732
41.20,-73.85	10562
40.77,-73.90	11105
40.67,-73.54	11710
40.95,-74.26	07470
40.77,-73.93	11102
40.67,-73.51	11793
40.77,-73.95	10075
40.77,-73.96	10021
40.67,-73.52	11710
40.77,-73.98	10023
40.77,-73.99	10019
41.10,-73.54	06905
40.63,-74.07	10304
40.63,-74.04	11209
40.63,-74.03	11209
40.63,-74.02	11209
40.63,-74.01	11219
40.63,-74.00	11219
40.63,-74.09	10314
40.63,-74.08	10304
41.03,-73.67	06831
40.62,-74.08	10304
40.64,-73.53	11566
40.86,-73.72	11050
41.03,-73.63	06831
40.43,-74.17	07730
40.56,-73.89	11697
40.56,-73.86	11694
40.82,-74.22	07042
40.56,-73.82	11692
41.14,-73.81	10510
40.81,-73.69	11030
40.81,-73.61	11548
40.81,-73.63	11548
40.81,-73.65	11576
40.95,-73.86	10701
40.25,-74.53	08520
40.15,-74.35	08527
40.15,-74.34	08527
40.25,-74.54	08520
40.88,-74.24	07424
40.55,-74.70	08876
40.95,-73.81	10709
41.00,-73.83	10710
41.00,-73.84	10502
41.00,-73.85	10522
41.00,-74.35	07405
41.00,-74.36	07405
40.63,-73.68	11557
40.85,-74.17	07012
41.04,-73.68	10573
40.83,-74.44	07927
40.86,-74.07	07604
41.38,-72.88	06473
41.14,-73.68	10504
41.14,-73.66	10504
41.05,-73.83	10523
40.74,-73.74	11362
41.05,-73.82	10523
40.78,-73.62	11568
40.84,-73.70	11050
40.84,-73.71	11050
40.84,-73.72	11050
41.28,-72.92	06519
40.77,-73.91	11105
40.84,-73.78	10464
40.77,-73.92	11102
40.78,-73.65	11577
40.89,-73.82	10475
40.89,-73.83	10466
40.89,-73.80	10803
40.89,-73.81	10803
40.89,-73.86	10466
40.89,-73.87	10470
40.89,-73.84	10466
40.89,-73.85	10466
40.77,-73.94	10044
40.89,-73.88	10468
40.89,-73.89	10471
40.67,-73.53	11710
41.21,-73.25	06825
40.77,-73.97	10065
40.60,-74.16	10314
40.19,-74.60	08501
40.74,-73.57	11590
40.72,-73.28	11706
40.74,-73.86	11368
40.74,-73.87	11373
40.74,-73.84	11368
40.74,-73.85	11368
40.74,-73.82	11367
40.74,-73.83	11367
40.74,-73.80	11365
40.74,-73.81	11365
40.78,-73.59	11568
40.90,-73.98	07631
40.54,-74.14	10308
40.74,-73.88	11373
40.74,-73.89	11377
40.90,-73.96	07631
40.87,-74.39	07054
40.65,-74.57	07920
40.53,-73.81	
40.60,-74.19	10314
40.12,-74.69	08505
41.04,-73.81	10607
41.04,-73.82	10607
40.76,-73.42	11747
40.76,-73.46	11804
40.76,-73.49	11714
40.62,-73.71	11598
40.74,-73.73	11004
40.97,-73.88	10703
40.61,-73.82	11693
40.79,-74.20	07003
40.61,-73.87	11234
40.61,-73.89	11234
40.97,-73.83	10710
40.97,-73.87	10710
40.97,-73.86	10710
40.65,-73.84	11414
40.65,-73.85	11414
40.65,-73.86	11239
40.65,-73.87	11239
40.65,-73.80	11430
40.65,-73.81	11430
40.65,-73.83	11414
40.65,-73.88	11239
40.65,-73.89	11239
40.82,-73.87	10473
40.82,-73.86	10473
40.82,-73.85	10473
40.82,-73.84	10465
40.82,-73.83	10465
40.82,-73.82	10465
40.82,-73.81	10465
40.82,-73.80	10465
40.46,-74.28	08879
40.54,-74.16	10312
40.82,-73.89	10474
40.82,-73.88	10473
40.52,-74.42	08817
40.52,-74.40	08817
41.02,-74.21	07417
40.79,-73.73	11021
41.18,-73.22	06825
40.80,-73.43	11747
40.87,-73.99	07605
40.87,-73.98	07605
40.87,-73.97	07631
40.87,-73.95	07632
40.87,-73.92	10034
40.87,-73.91	10034
40.87,-73.90	10468
41.05,-73.78	10603
40.39,-74.36	08857
40.74,-73.68	11040
40.59,-74.10	10304
40.59,-74.12	10306
40.74,-73.64	11501
40.74,-73.65	11501
40.74,-73.66	11040
40.74,-73.67	11040
40.74,-73.60	11590
40.74,-73.61	11530
40.74,-74.0	10011
40.74,-73.63	11530
41.10,-73.41	06855
41.10,-73.40	06855
40.62,-74.11	10301
40.91,-73.88	10704
40.62,-74.17	10314
40.62,-74.16	10314
40.62,-74.15	10314
40.62,-74.14	10314
40.91,-73.83	10550
40.91,-73.82	10553
40.91,-73.81	10803
40.91,-73.80	10801
40.91,-73.87	10470
40.91,-73.86	10704
40.91,-73.85	10550
40.91,-73.84	10550
40.67,-74.20	07201
40.67,-74.24	07208
40.42,-74.38	08816
40.77,-73.83	11354
40.77,-73.82	11354
40.77,-73.81	11354
40.77,-73.80	11358
40.77,-73.87	11369
40.77,-73.86	11369
40.77,-73.85	11354
40.77,-73.84	11354
40.77,-73.89	11370
40.77,-73.88	11369
40.63,-74.32	07090
40.63,-74.33	07090
40.63,-74.38	07076
40.86,-73.64	11542
40.43,-74.09	07718
40.43,-74.08	07718
40.75,-73.95	11101
40.86,-73.62	11542
40.43,-74.05	07737
40.43,-74.07	07737
40.43,-74.06	07737
40.43,-74.03	07716
40.56,-73.99	11224
40.56,-73.98	11224
40.84,-74.08	07075
40.56,-73.94	11697
40.56,-73.97	11224
40.56,-73.96	11224
40.18,-74.25	07731
40.84,-74.09	07072
40.81,-73.73	11024
40.81,-73.72	11024
40.81,-73.70	11030
40.81,-73.75	11024
40.40,-74.54	08852
40.97,-74.09	07652
40.55,-74.43	07080
40.58,-74.22	07008
40.48,-74.28	08879
40.79,-73.13	11779
40.46,-74.49	08902
40.46,-74.44	08850
40.79,-73.18	11722
40.50,-74.06	
41.00,-74.21	07417
40.53,-74.22	10309
40.54,-74.28	08861
40.51,-74.00	
40.53,-74.29	07095
40.51,-74.01	
41.04,-73.70	10577
41.04,-73.77	10603
41.04,-73.76	10604
41.04,-73.79	10607
40.62,-73.69	11598
40.89,-73.99	07631
40.89,-73.98	07631
40.89,-73.95	07632
40.89,-73.94	07632
40.89,-73.97	07631
40.89,-73.91	10471
40.89,-73.90	10471
41.22,-72.99	06460
40.85,-73.88	10458
40.85,-73.89	10457
40.85,-73.86	10462
40.85,-73.87	10462
40.85,-73.84	10461
40.85,-73.85	10461
40.85,-73.82	10465
40.85,-73.83	10461
40.99,-74.23	07417
40.79,-74.42	07932
41.07,-74.05	10977
40.79,-74.48	07960
41.30,-72.93	06504
41.30,-72.92	06510
40.72,-73.34	11704
41.07,-73.85	10591
41.07,-73.86	10591
41.07,-73.81	10523
41.07,-73.82	10523
40.74,-73.91	11377
40.74,-73.90	11377
40.74,-73.93	11101
40.74,-73.92	11377
40.74,-73.95	11101
40.74,-73.94	11101
40.74,-73.97	10010
40.74,-73.96	11109
40.74,-73.99	10010
40.74,-73.98	10010
40.57,-74.28	07095
40.87,-74.10	07026
40.98,-74.27	07442
41.04,-73.99	10962
41.03,-73.97	10962
40.87,-74.25	07006
40.87,-74.23	07009
40.76,-73.53	11801
40.76,-73.52	11801
40.76,-73.51	11801
40.76,-73.50	11801
40.76,-73.56	11590
40.95,-73.79	10804
40.90,-73.40	11743
40.95,-73.77	10538
40.95,-73.75	10543
40.95,-73.73	10543
40.95,-73.71	10580
40.61,-73.93	11234
40.61,-73.92	11234
40.97,-73.76	10583
40.61,-73.90	11234
40.97,-73.70	10580
40.61,-73.96	11229
40.61,-73.95	11229
40.61,-73.94	11229
40.61,-73.99	11204
40.61,-73.98	11204
40.97,-73.79	10804
40.60,-74.23	07008
40.65,-73.97	11224
40.65,-73.96	11226
40.65,-73.95	11226
40.65,-73.94	11203
40.65,-73.93	11203
40.65,-73.92	11236
40.65,-73.91	11236
40.65,-73.90	11236
40.65,-73.99	11232
40.65,-73.98	11218
40.54,-74.00	11224
40.80,-73.30	11746
40.80,-73.31	11746
40.80,-73.33	11746
40.80,-73.36	11746
40.74,-74.11	07032
40.74,-74.13	07105
40.74,-74.14	07105
40.74,-74.15	07029
40.74,-74.17	07102
40.74,-74.18	07103
40.69,-73.75	11412
40.69,-73.74	11411
40.78,-73.88	11371
40.69,-73.76	11412
40.69,-73.71	11003
40.69,-73.70	11003
40.74,-73.79	11365
40.62,-74.29	07065
40.74,-73.77	11361
40.78,-73.83	11357
40.78,-73.80	11357
40.78,-73.81	11357
40.69,-73.79	11433
40.74,-73.72	11426
40.74,-73.71	11004
40.78,-73.85	11356
41.21,-73.19	06606
40.42,-74.06	07737
40.42,-74.07	07737
40.42,-74.08	07718
40.42,-74.09	07718
40.95,-74.03	07649
40.95,-74.01	07646
40.95,-74.07	07652
40.63,-74.23	07036
40.75,-73.36	11798
40.64,-73.72	11598
40.64,-73.70	11557
40.64,-73.76	
40.64,-73.77	11010
40.64,-73.74	
40.64,-73.75	
40.64,-73.78	11010
40.64,-73.79	11010
40.88,-73.12	11790
40.82,-74.48	07950
41.06,-73.86	10591
41.06,-73.84	10523
41.06,-73.83	10591
40.81,-73.48	11797
40.92,-74.16	07501
40.72,-74.37	07901
40.83,-72.92	11980
40.55,-74.54	08873
40.11,-74.81	08518
41.17,-73.64	10506
41.17,-73.65	10506
40.52,-74.80	08887
40.87,-74.18	07013
41.00,-74.13	07450
41.00,-74.10	07423
41.00,-74.11	07423
40.63,-73.60	11510
40.60,-73.76	11691
40.63,-73.64	11572
40.63,-73.65	11572
40.53,-74.37	08840
41.03,-74.13	07401
40.63,-73.69	11557
41.03,-74.11	07463
40.98,-74.15	07481
40.60,-73.74	11691
40.66,-73.78	11434
40.66,-73.79	11430
40.60,-73.75	11691
40.66,-73.70	11580
40.66,-73.71	11581
40.66,-73.72	11581
40.66,-73.73	11422
40.66,-73.74	11422
40.66,-73.75	11413
40.66,-73.76	11413
40.66,-73.77	11434
40.83,-74.23	07044
40.83,-74.20	07043
40.83,-74.28	07021
40.77,-74.39	07932
40.64,-74.60	07920
41.14,-73.42	06851
40.64,-74.37	07076
41.14,-73.48	06840
41.03,-74.01	07675
40.64,-74.34	07090
41.08,-73.92	10960
40.85,-73.99	07650
40.85,-73.98	07024
40.85,-73.91	10453
40.85,-73.90	10457
40.85,-73.93	10033
40.85,-73.92	10453
40.85,-73.95	10033
40.85,-73.94	10033
40.85,-73.97	07024
40.85,-73.96	07024
40.67,-74.10	07002
40.67,-74.11	07002
40.70,-74.20	07112
40.67,-74.12	07305
41.22,-73.20	06606
40.67,-74.14	07002
40.67,-74.16	07201
40.66,-74.08	07305
40.66,-74.07	07305
40.66,-74.00	11232
40.66,-74.02	11232
40.66,-74.03	11220
40.98,-74.12	07450
40.98,-74.10	07450
40.98,-74.16	07481
40.76,-73.68	11040
40.12,-74.04	08736
40.76,-73.67	11040
41.03,-73.83	10607
40.87,-74.11	07026
40.87,-74.16	07013
40.76,-73.63	11596
41.03,-73.87	10533
41.03,-73.86	10533
40.84,-73.53	11732
40.81,-74.08	07072
40.56,-74.60	08835
40.56,-74.63	08869
40.56,-74.62	08844
40.97,-73.67	10580
40.36,-74.46	08838
40.60,-74.36	08820
40.97,-73.69	10580
40.94,-73.73	10543
40.94,-73.72	10543
41.04,-74.13	07401
40.49,-74.44	08901
40.49,-74.40	08817
40.80,-73.23	11717
40.94,-73.79	10804
40.45,-73.97	07732
40.45,-73.96	07732
40.80,-73.26	11717
40.80,-73.25	11717
40.49,-74.48	08873
40.74,-74.03	07030
40.74,-74.02	07030
40.74,-74.01	10014
40.74,-74.00	10011
40.74,-74.06	07306
40.74,-74.05	07307
40.74,-74.04	07030
40.78,-73.95	10128
40.78,-73.94	11102
40.78,-73.97	10024
40.78,-73.96	10028
40.78,-73.91	11105
40.78,-73.90	11105
40.78,-73.93	11102
40.78,-73.92	11105
40.74,-73.40	11735
40.78,-73.99	10069
40.78,-73.98	10023
40.70,-74.14	07114
40.70,-74.15	07105
40.70,-74.16	07201
40.70,-74.17	07114
40.70,-74.10	07305
40.70,-74.13	07114
40.70,-74.18	07114
41.09,-74.14	07430
40.42,-74.10	07718
41.16,-73.75	10514
40.95,-74.11	07410
40.63,-74.50	07059
40.61,-74.27	07065
40.61,-74.26	07065
40.61,-74.25	07036
40.83,-73.88	10472
40.83,-73.89	10459
40.64,-73.68	11557
40.75,-73.20	11752
40.64,-73.65	11572
40.83,-73.81	10465
40.83,-73.82	10465
40.83,-73.83	10465
40.83,-73.84	10461
40.83,-73.85	10462
40.83,-73.86	10472
40.83,-73.87	10472
40.88,-73.09	11720
40.79,-73.96	10029
40.79,-73.97	10025
40.88,-73.07	11720
40.75,-74.14	07032
40.79,-73.92	10035
40.86,-74.40	07054
40.79,-73.93	10035
40.35,-74.46	08838
40.79,-73.90	11371
40.79,-73.91	11105
40.87,-74.05	07606
40.81,-73.50	11791
40.81,-73.59	11568
40.73,-73.61	11530
40.73,-73.60	11530
40.70,-73.33	11702
40.77,-74.04	07047
40.55,-74.27	07095
40.55,-74.28	07095
40.55,-74.29	07095
40.73,-73.67	11530
41.00,-74.02	07675
41.00,-74.04	07642
40.63,-73.73	11516
40.63,-73.72	11598
40.63,-73.71	11598
40.63,-73.70	11598
40.63,-73.77	11010
40.63,-73.76	11096
40.63,-73.75	11096
40.63,-73.74	11559
40.63,-73.79	11010
40.63,-73.78	11010
40.66,-73.69	11580
40.66,-73.63	11570
40.66,-73.62	11510
40.66,-73.61	11510
40.66,-73.60	11520
40.66,-73.67	11563
40.66,-73.65	11570
40.33,-73.88	
40.68,-73.54	11710
40.68,-73.55	11566
40.83,-74.18	07003
40.83,-74.19	07003
40.83,-74.16	07110
40.68,-73.59	11553
40.83,-74.14	07014
40.83,-74.10	07073
40.74,-73.70	11040
40.29,-74.76	08534
40.58,-74.61	08807
40.85,-73.61	11545
40.85,-73.62	11545
40.99,-74.30	07457
40.50,-73.74	
40.62,-73.96	11230
41.09,-74.15	07430
40.62,-73.94	11234
40.62,-73.95	11210
40.62,-73.92	11234
40.62,-73.93	11234
40.62,-73.90	11234
40.62,-73.91	11234
40.62,-73.98	11204
40.62,-73.99	11204
41.09,-74.16	07430
40.98,-74.09	07676
40.66,-74.18	07206
40.66,-74.17	07201
40.66,-74.12	07002
40.98,-74.03	07630
40.98,-74.02	07630
41.03,-73.74	10577
40.76,-73.78	11361
40.87,-74.07	07604
40.87,-74.06	07608
40.87,-74.01	07666
40.87,-74.00	07605
40.87,-74.02	07666
40.76,-73.71	11042
40.76,-73.70	11042
40.76,-73.73	11362
40.76,-73.72	11362
40.76,-73.75	11362
40.76,-73.74	11362
40.76,-73.77	11361
40.76,-73.76	11364
40.84,-73.49	11791
40.95,-73.95	07627
41.05,-73.58	06878
40.21,-74.25	07728
40.27,-74.50	18520
40.56,-74.11	10306
40.56,-74.12	10306
40.56,-74.13	10306
40.60,-74.08	10305
40.60,-74.09	10304
40.90,-73.88	10471
40.90,-73.89	10471
40.60,-74.02	11252
40.60,-74.03	11252
40.60,-74.00	11214
40.60,-74.01	11252
40.60,-74.06	10305
40.60,-74.07	10305
40.90,-73.82	10550
40.60,-74.05	10305
40.87,-74.42	07054
40.75,-74.0	10001
40.87,-74.44	07054
40.71,-74.00	10038
40.71,-74.01	10007
40.71,-74.02	10280
41.04,-74.06	07656
40.71,-74.04	07302
40.71,-74.05	07305
40.71,-74.06	07304
40.71,-74.07	07304
40.71,-74.08	07305
40.71,-74.09	07305
40.80,-73.17	11749
40.74,-74.36	07078
40.74,-74.37	07078
40.74,-74.34	07078
40.74,-74.32	07078
40.74,-74.33	07078
40.74,-74.31	07078
41.15,-73.85	10510
40.84,-74.04	07643
40.68,-74.26	07083
40.84,-74.07	07074
40.68,-74.20	07201
40.84,-74.01	07657
40.84,-74.03	07643
40.62,-73.74	11096
40.62,-73.75	11096
40.62,-73.76	11096
40.62,-73.77	11691
40.62,-73.70	11598
40.74,-73.58	11530
40.62,-73.72	11559
40.62,-73.73	11516
40.70,-74.07	07304
40.72,-74.53	07976
40.70,-74.05	07302
40.70,-74.04	07302
40.70,-74.03	07311
40.70,-74.02	10004
40.70,-74.01	10038
40.70,-74.00	11201
40.78,-74.12	07031
40.78,-74.13	07031
40.77,-73.54	11801
40.77,-73.55	11801
40.91,-73.78	10801
40.91,-73.79	10801
40.77,-73.51	11801
40.77,-73.52	11801
40.77,-73.53	11801
40.91,-73.77	10801
40.91,-73.75	10538
40.61,-74.16	10314
40.61,-74.17	10314
40.61,-74.15	10314
40.61,-74.12	10314
40.61,-74.10	10301
40.61,-74.11	10314
40.63,-74.42	07060
40.60,-73.99	11214
40.96,-73.68	10580
40.83,-73.99	07010
40.83,-73.98	07024
40.56,-74.46	08854
40.83,-73.93	10452
40.83,-73.92	10456
40.83,-73.91	10456
40.83,-73.90	10456
40.83,-73.97	07020
40.83,-73.95	10031
40.83,-73.94	10031
40.43,-74.56	08823
40.60,-73.94	11229
40.60,-73.95	11229
40.58,-74.21	07008
40.80,-74.48	07960
40.58,-74.24	07008
40.35,-74.59	08536
40.78,-73.51	11801
40.80,-74.20	07003
40.65,-73.60	11520
40.78,-73.53	11753
40.78,-73.55	11753
40.78,-73.54	11753
40.65,-73.61	11510
40.55,-74.31	08830
40.55,-74.30	07095
41.16,-73.84	10562
41.16,-73.82	10510
40.66,-73.54	11566
40.66,-73.55	11566
40.66,-73.51	11793
40.66,-73.59	11520
40.83,-74.09	07072
40.93,-73.75	10538
40.93,-73.76	10538
40.93,-73.77	10801
40.93,-73.78	10804
40.83,-74.00	07657
40.94,-73.94	07626
40.65,-74.05	11209
40.58,-73.80	11692
40.58,-73.81	11692
40.81,-73.88	10474
40.81,-73.89	10474
40.58,-73.84	11694
41.14,-73.25	06824
40.58,-73.87	
40.81,-73.82	10465
40.81,-73.83	10465
40.81,-73.80	11359
40.81,-73.81	10465
40.81,-73.86	10473
40.81,-73.87	10474
40.81,-73.84	10473
40.81,-73.85	10473
40.60,-73.73	11559
40.41,-73.87	
40.99,-74.00	07675
40.85,-73.79	10464
40.85,-73.78	10464
40.59,-73.76	11692
40.59,-73.77	11692
40.59,-73.74	11509
40.59,-73.75	11509
40.65,-74.32	07027
40.93,-74.20	07508
41.09,-73.51	06820
40.59,-73.78	11692
40.59,-73.79	11692
41.00,-73.68	10573
41.00,-73.66	10573
41.00,-73.67	10573
41.00,-73.64	06830
41.00,-73.65	06830
40.62,-73.80	11693
41.04,-74.42	07435
40.59,-73.98	11223
40.59,-73.99	11214
40.59,-73.94	11235
40.59,-73.95	11235
40.59,-73.96	11235
40.59,-73.97	11223
40.59,-73.90	11234
40.59,-73.91	11234
40.59,-73.92	11229
40.59,-73.93	11229
40.72,-73.80	11432
40.72,-73.81	11367
40.72,-73.82	11367
40.72,-73.83	11415
40.72,-73.84	11375
40.72,-73.85	11375
40.72,-73.86	11374
40.72,-73.87	11379
40.72,-73.88	11379
40.72,-73.89	11378
40.66,-74.20	07201
40.92,-73.84	10550
40.66,-74.25	07203
40.76,-73.84	11368
40.76,-73.85	11368
40.76,-73.86	11369
40.76,-73.87	11369
40.76,-73.80	11358
40.76,-73.81	11355
40.76,-73.82	11355
40.76,-73.83	11354
40.92,-73.82	10552
40.76,-73.88	11369
40.76,-73.89	11370
41.03,-73.69	10577
40.95,-73.87	10701
40.85,-74.19	07043
40.95,-73.85	10710
40.95,-73.84	10708
40.95,-73.83	10707
40.95,-73.82	10707
40.90,-73.77	10805
40.95,-73.80	10804
40.90,-73.79	10805
40.90,-73.78	10805
40.85,-74.13	07055
40.85,-74.14	07055
40.95,-73.89	10703
40.95,-73.88	10703
40.58,-73.93	11235
40.58,-73.92	11229
40.56,-74.00	11224
40.81,-73.97	10025
40.64,-73.60	11510
40.60,-74.15	10314
40.60,-74.14	10314
40.60,-74.17	10314
40.58,-73.90	11234
40.60,-74.11	10304
40.72,-74.54	07920
40.60,-74.13	10314
40.60,-74.12	10314
40.81,-73.91	10455
40.90,-73.95	07670
40.90,-73.94	07632
40.90,-73.93	07632
40.90,-73.91	10471
40.90,-73.90	10471
40.65,-74.02	11232
40.58,-73.95	11235
40.60,-74.26	07065
40.81,-73.92	10454
40.54,-74.51	08854
40.71,-74.13	07105
40.71,-74.10	07305
40.71,-74.17	07114
40.71,-74.16	07114
40.71,-74.15	07105
40.83,-73.39	11746
40.71,-74.19	07114
40.71,-74.18	07114
40.80,-73.04	11742
40.80,-73.06	11741
40.74,-74.25	07079
40.74,-74.27	07040
40.74,-74.26	07079
40.72,-74.0	10013
40.59,-74.51	08812
40.84,-74.17	07003
40.84,-74.16	07012
40.84,-74.15	07014
40.84,-74.14	07014
40.84,-74.13	07055
40.84,-74.12	07070
40.84,-74.11	07070
40.62,-73.63	11572
40.84,-74.19	07043
40.84,-74.18	07043
40.70,-74.36	07901
40.78,-74.08	07094
40.78,-74.07	07094
40.78,-74.06	07094
40.78,-74.05	07094
40.78,-74.04	07047
40.78,-74.03	07047
40.78,-74.02	07087
40.78,-74.01	07093
40.78,-74.00	07086
40.77,-73.47	11803
40.77,-73.41	11747
40.77,-73.40	11747
40.77,-73.49	11803
40.61,-74.01	11228
40.61,-74.00	11214
40.61,-74.03	11209
40.61,-74.02	11223
40.61,-74.04	10305
40.61,-74.07	10305
40.61,-74.06	10305
40.61,-74.09	10304
40.61,-74.08	10304
40.17,-74.62	08501
40.87,-74.15	07011
40.97,-73.72	10528
40.52,-74.85	08822
40.52,-74.82	08822
40.86,-74.43	07054
40.96,-73.79	10804
40.57,-73.93	11235
40.96,-73.73	10543
40.96,-73.72	10528
40.96,-73.71	10580
40.96,-73.70	10580
40.96,-73.77	10583
40.96,-73.76	10583
41.06,-73.74	10604
40.86,-74.25	07006
41.06,-73.71	10604
41.06,-73.70	10604
40.84,-74.44	07927
40.35,-74.65	08540
40.70,-73.59	11553
40.57,-74.0	11224
40.40,-72.54	
40.25,-74.05	07712
40.99,-74.11	07450
40.48,-74.06	
40.48,-74.03	
40.72,-74.11	07032
40.99,-74.12	07450
40.75,-73.09	11782
40.51,-74.28	08861
40.94,-74.36	07082
40.99,-74.18	07481
40.52,-73.75	
40.90,-73.87	10470
40.83,-73.45	11743
40.54,-74.18	10312
40.54,-74.19	10312
40.66,-73.49	11783
40.92,-74.43	07005
40.53,-74.85	08822
40.92,-73.89	10705
40.92,-73.86	10704
40.60,-73.51	
40.64,-74.57	07059
40.92,-73.85	10704
40.64,-74.51	07059
40.92,-73.83	10552
40.92,-73.80	10801
40.60,-73.57	11569
40.81,-73.95	10027
40.81,-73.94	10037
40.58,-73.91	11697
40.81,-73.96	10027
40.58,-73.97	11224
40.81,-73.90	10455
40.81,-73.93	10451
40.58,-73.94	11235
40.58,-73.99	11224
40.58,-73.98	11224
40.81,-73.99	07010
40.81,-73.98	07010
40.89,-74.15	07011
40.89,-74.16	07503
40.89,-74.11	07026
40.59,-73.68	11561
40.54,-74.15	10308
40.89,-74.19	07424
40.79,-74.08	07094
40.99,-74.10	07450
40.85,-73.41	11746
40.99,-74.16	07481
40.79,-74.00	07093
40.79,-74.01	07093
40.79,-74.02	07093
40.79,-74.03	07047
40.79,-74.04	07094
40.79,-74.05	07094
40.79,-74.06	07094
40.79,-74.07	07094
40.77,-74.23	07050
40.59,-73.65	11561
40.65,-74.22	07202
40.65,-74.20	07206
40.77,-74.24	07050
40.90,-74.25	07470
41.00,-73.75	10605
41.00,-73.74	10605
41.00,-73.76	10605
40.68,-73.78	11434
40.68,-73.79	11434
40.68,-73.76	11434
40.68,-73.77	11434
40.68,-73.74	11413
40.68,-73.75	11413
40.68,-73.72	11580
41.00,-73.78	10583
40.68,-73.70	11580
40.68,-73.71	11580
40.82,-74.24	07044
40.59,-73.89	11234
40.59,-73.82	11693
40.59,-73.80	11692
40.72,-73.93	11211
40.72,-73.92	11378
40.72,-73.91	11378
40.72,-73.90	11378
40.72,-73.97	10002
40.72,-73.96	11249
40.72,-73.95	11222
40.72,-73.94	11222
40.73,-74.25	07040
40.72,-73.99	10002
40.72,-73.98	10002
40.73,-74.22	07111
40.73,-74.23	07111
40.76,-73.97	10022
40.76,-73.96	10065
40.76,-73.95	10044
40.76,-73.94	11106
40.76,-73.93	11106
40.76,-73.92	11101
40.76,-73.91	11103
40.76,-73.90	11377
41.00,-73.79	10583
41.03,-73.58	06878
41.03,-73.59	06878
40.76,-73.99	10036
40.68,-73.73	11422
40.85,-74.09	07075
40.85,-74.03	07660
40.85,-74.02	07660
40.85,-74.01	07660
40.85,-74.00	07650
40.85,-74.07	07608
40.85,-74.06	07074
40.85,-74.05	07643
40.56,-74.36	08820
40.56,-74.34	08820
40.56,-74.32	08830
40.56,-74.30	07095
40.56,-74.38	08820
40.70,-73.32	11702
40.41,-74.10	07748
40.75,-74.32	07078
40.71,-73.62	11530
40.71,-74.29	07083
40.54,-74.41	08817
40.89,-73.35	11768
40.71,-74.25	07083
40.71,-74.20	07112
40.71,-74.21	07112
40.94,-72.66	11901
40.82,-73.10	11779
40.59,-74.17	10312
40.69,-73.69	11003
40.69,-73.32	11702
40.74,-73.69	11040
40.68,-74.02	11231
40.66,-74.35	07090
40.68,-74.00	11231
40.68,-74.01	11231
40.68,-74.07	07305
40.84,-74.24	07044
40.68,-74.05	07302
40.70,-74.25	07209
40.72,-74.31	07041
40.72,-74.32	07081
40.68,-74.09	07305
40.72,-74.35	07901
40.72,-74.36	07901
40.70,-74.22	07205
40.69,-73.62	11550
40.78,-74.39	07932
40.78,-74.32	07039
40.66,-74.31	07016
40.78,-74.30	07039
40.95,-74.24	07470
40.69,-73.60	11553
40.27,-74.70	08619
40.69,-73.61	11550
41.05,-73.76	10604
41.05,-73.77	10603
40.77,-73.72	11020
40.77,-73.73	11362
40.77,-73.70	11042
40.91,-73.13	11790
40.77,-73.76	11360
40.74,-73.62	11530
40.77,-73.74	11363
40.77,-73.75	11363
40.77,-73.78	11361
40.77,-73.79	11358
40.86,-74.11	07055
40.73,-74.26	07040
40.62,-74.13	10314
40.73,-74.27	07040
41.31,-74.12	10926
40.62,-74.12	10314
40.91,-73.89	10705
40.86,-74.33	07058
40.86,-74.39	07054
40.40,-74.08	07737
40.58,-73.67	11561
40.76,-73.98	10020
40.55,-74.18	10312
40.70,-73.62	11550
40.70,-73.63	11550
40.70,-73.64	11552
40.70,-73.65	11552
40.70,-73.66	11552
40.70,-73.67	11010
40.70,-73.68	11010
40.70,-73.69	11003
40.64,-73.94	11203
40.55,-74.17	10312
40.95,-74.22	07470
40.75,-73.78	11365
40.75,-73.79	11358
40.51,-74.34	08837
40.51,-74.33	08837
40.75,-73.70	11040
40.75,-73.71	11040
40.75,-73.72	11004
40.75,-73.73	11362
40.75,-73.74	11362
40.75,-73.75	11364
40.75,-73.76	11364
40.75,-73.77	11364
40.69,-73.77	11433
41.43,-72.75	06492
40.94,-74.26	07470
41.02,-73.62	06830
41.02,-73.63	06830
41.02,-73.66	06831
41.02,-73.67	10573
40.86,-74.18	07013
41.03,-74.21	07417
40.88,-74.00	07666
40.88,-74.01	07666
40.88,-74.04	07601
40.88,-74.05	07601
40.88,-74.06	07601
40.88,-74.07	07644
41.38,-73.47	06810
40.83,-74.17	07003
40.64,-74.28	07036
40.66,-74.22	07202
40.66,-73.98	11215
40.66,-73.99	11215
40.86,-74.10	07057
40.66,-73.92	11212
40.92,-73.90	10705
40.66,-73.90	11207
40.66,-73.91	11212
40.92,-73.95	07670
40.66,-73.97	11215
40.92,-73.97	07670
40.66,-73.95	11225
41.08,-73.80	10592
40.80,-74.03	07047
40.32,-73.88	
41.08,-73.85	10591
40.99,-73.96	07648
40.99,-73.98	07640
40.32,-73.87	
40.86,-74.14	07055
40.89,-74.07	07607
40.89,-74.06	07601
40.89,-74.05	07601
40.89,-74.04	07601
40.89,-74.03	07666
40.89,-74.02	07666
40.89,-74.01	07666
40.89,-74.00	07666
40.81,-74.15	07110
40.81,-74.17	07110
40.81,-74.10	07070
40.81,-74.11	07071
40.81,-74.12	07071
40.81,-74.13	07071
40.85,-73.53	11732
40.79,-74.19	07003
40.79,-74.18	07109
40.75,-74.08	07306
40.79,-74.13	07031
40.79,-74.12	07031
40.75,-74.06	07307
40.75,-74.07	07306
40.75,-74.00	10001
40.75,-74.01	
40.75,-74.02	07030
40.75,-74.03	07030
40.65,-74.12	07002
40.90,-74.18	07501
40.90,-74.19	07424
40.95,-74.31	07440
40.90,-74.12	07407
40.90,-74.13	07407
40.90,-74.10	07663
40.90,-74.11	07407
40.90,-74.14	07513
40.90,-74.15	07503
40.68,-73.69	11580
40.68,-73.68	11565
40.68,-73.61	11510
40.68,-73.62	11570
40.68,-73.65	11552
40.68,-73.64	11570
40.68,-73.66	11552
40.78,-73.60	11568
40.34,-74.27	07751
41.32,-73.86	10547
41.09,-73.92	10960
40.73,-74.39	07928
40.73,-74.38	07928
40.73,-74.37	07901
40.73,-74.36	07901
40.73,-74.32	07078
40.68,-73.57	11566
40.33,-73.75	
40.84,-73.92	10452
40.84,-73.93	10452
40.84,-73.90	10457
40.84,-73.91	10457
40.84,-73.96	
40.84,-73.97	07020
40.84,-73.94	10032
40.84,-73.95	10032
40.84,-73.98	07024
40.84,-73.99	07650
40.39,-74.56	08852
40.56,-74.26	07077
40.41,-74.09	07718
40.41,-74.08	07718
40.65,-74.56	07920
40.75,-74.41	07940
41.11,-73.66	06831
40.71,-74.32	07081
40.71,-74.35	07901
40.71,-74.34	07901
40.71,-74.36	07901
40.75,-74.43	07940
40.79,-73.62	11568
40.82,-73.03	11742
40.82,-73.02	11763
40.82,-73.00	11763
40.68,-74.19	07201
40.68,-74.18	07201
41.19,-73.63	10506
40.68,-74.17	07201
40.84,-74.36	07936
40.68,-74.10	07002
41.12,-73.83	10591
40.72,-74.29	07099
40.72,-74.28	07088
40.72,-74.22	07111
40.72,-74.26	07040
40.72,-74.24	07111
40.78,-74.20	07003
40.82,-74.42	07981
40.94,-73.88	10701
40.77,-73.64	11507
40.77,-73.67	11576
40.94,-73.83	10708
40.94,-73.84	10708
40.77,-73.60	11568
40.77,-73.62	11568
40.33,-74.65	08540
40.49,-74.05	
40.86,-73.63	11542
40.86,-74.08	07604
40.86,-74.09	07644
40.86,-74.06	07608
41.06,-73.54	06905
40.86,-74.04	07601
40.86,-74.05	07606
41.06,-73.51	06902
41.06,-73.50	06820
40.86,-74.00	07605
40.93,-74.01	07621
40.35,-74.07	07701
40.98,-73.87	10706
40.70,-73.73	11411
40.70,-73.72	11003
40.70,-73.71	11003
40.70,-73.70	11003
40.70,-73.77	11412
40.70,-73.76	11412
40.70,-73.75	11412
40.70,-73.74	11411
41.05,-74.06	07645
40.70,-73.79	11433
40.70,-73.78	11433
41.05,-74.02	10965
40.75,-73.69	11040
40.75,-73.68	11040
40.75,-73.63	11501
40.75,-73.62	11514
40.75,-73.61	11514
40.75,-73.60	11590
40.75,-73.67	11040
40.75,-73.64	11501
40.94,-74.19	07508
40.94,-74.14	07410
40.94,-74.15	07524
41.02,-73.71	10577
41.02,-73.77	10606
41.02,-73.76	10605
41.02,-73.75	10605
40.82,-72.99	11763
40.83,-73.68	11050
40.83,-73.69	11050
40.66,-74.82	08833
40.83,-73.61	11545
40.88,-74.12	07026
40.88,-74.10	07026
40.88,-74.16	07011
40.88,-74.15	07011
40.57,-74.19	10312
40.88,-74.19	07424
40.84,-74.22	07009
40.68,-74.03	10004
40.06,-74.87	08016
40.84,-74.20	07043
40.66,-73.85	11414
40.66,-73.84	11414
40.66,-73.87	11208
40.64,-74.38	07023
40.66,-73.81	11430
40.66,-73.80	11430
40.66,-73.83	11414
40.66,-73.82	11430
40.66,-73.89	11207
40.66,-73.88	11207
40.84,-74.27	07006
40.99,-73.82	10583
40.99,-73.80	10583
40.99,-73.87	10706
40.68,-74.04	07302
40.72,-74.30	07041
40.81,-74.09	07070
40.65,-73.67	11563
40.81,-74.07	07094
40.81,-74.06	07072
40.66,-73.86	11208
40.81,-74.03	07047
40.81,-74.02	07047
40.81,-74.00	07022
40.71,-73.96	11211
40.71,-73.97	11211
40.71,-73.94	11206
40.71,-73.95	11206
40.71,-73.92	11385
40.71,-73.93	11237
40.71,-73.90	11385
40.71,-73.91	11385
40.71,-73.98	10002
40.71,-73.99	10002
40.79,-74.25	07052
40.79,-74.23	07052
40.79,-73.98	10024
40.79,-73.99	07093
40.75,-74.17	07104
40.65,-74.04	11220
40.79,-73.94	10029
40.79,-73.95	10029
40.65,-74.01	11220
40.65,-74.00	11232
40.65,-74.03	11209
40.75,-74.10	07032
40.74,-73.59	11530
40.90,-74.01	07666
40.90,-74.00	07666
40.90,-74.03	07666
40.90,-74.08	07662
40.68,-73.94	11216
40.68,-73.95	11216
40.68,-73.96	11238
40.68,-73.97	11238
40.68,-73.90	11207
40.68,-73.91	11233
40.68,-73.92	11233
40.68,-73.93	11233
40.68,-73.98	11217
40.68,-73.99	11231
40.69,-73.72	11003
41.09,-73.86	10591
40.73,-74.08	07306
40.73,-74.09	07304
40.73,-74.02	10013
40.73,-74.03	07311
40.73,-74.00	10012
40.73,-74.01	10014
40.73,-74.06	07306
40.73,-74.07	07306
40.73,-74.04	07310
40.73,-74.05	07302
40.84,-73.89	10460
40.84,-73.88	10460
40.84,-73.85	10461
40.84,-73.84	10465
40.84,-73.87	10460
40.84,-73.86	10462
40.84,-73.81	10465
40.84,-73.83	10461
40.84,-73.82	10465
40.85,-74.20	07043
40.58,-74.29	07001
40.44,-74.03	
40.60,-73.98	11223
40.44,-74.05	07737
40.44,-74.06	07718
40.44,-74.07	07718
40.44,-74.08	07718
40.44,-74.09	07748
40.60,-73.96	11229
40.60,-73.97	11223
40.60,-73.90	11234
40.60,-73.91	11234
40.60,-73.92	11234
40.60,-73.93	11229
40.41,-74.30	08857
41.11,-74.12	10901
41.01,-73.56	06870
40.93,-74.05	07652
40.71,-73.78	11423
40.71,-73.79	11432
40.93,-74.02	07646
40.71,-73.74	11429
40.71,-73.75	11429
40.71,-73.76	11423
40.71,-73.77	11423
40.71,-73.70	11001
40.71,-73.71	11003
40.71,-73.72	11003
40.71,-73.73	11429
40.45,-74.07	07718
40.45,-74.06	07737
40.45,-74.05	
40.45,-74.04	
40.45,-74.02	
40.45,-74.00	07732
40.45,-74.08	07718
40.82,-73.32	11746
40.82,-73.33	11746
40.78,-73.27	11717
40.78,-73.20	11722
40.84,-74.43	07054
40.78,-73.28	11717
40.84,-74.45	07054
40.72,-74.16	07105
40.72,-74.17	07114
40.72,-74.14	07105
40.72,-74.15	07105
40.72,-74.13	07105
40.91,-73.11	11733
40.70,-74.40	07974
40.91,-73.12	11794
40.75,-74.18	07104
40.61,-73.75	11691
40.61,-73.74	11559
40.61,-73.77	11691
40.61,-73.76	11691
40.61,-73.70	11559
40.61,-73.73	11559
40.77,-73.77	11361
40.88,-74.25	07006
40.49,-74.85	08822
40.62,-73.97	11230
40.94,-73.97	07626
40.94,-73.95	07626
40.96,-73.87	10710
40.80,-74.15	07109
40.34,-74.18	07733
40.97,-74.45	
40.97,-74.40	07405
40.91,-74.50	07834
40.75,-74.16	07029
40.80,-74.08	07094
40.80,-74.09	07094
40.80,-74.00	07093
40.80,-74.01	07047
40.86,-74.13	07055
40.86,-74.12	07055
40.86,-74.15	07013
40.80,-74.05	07094
40.80,-74.06	07094
40.80,-74.07	07094
40.38,-74.10	07701
40.38,-74.16	07733
41.05,-73.69	10573
40.69,-74.40	07974
40.70,-73.48	11758
40.70,-73.49	11783
40.70,-73.47	11758
40.39,-74.10	07748
40.70,-73.43	11758
40.70,-73.40	11726
40.70,-73.41	11701
40.75,-74.12	07032
40.73,-74.0	10012
40.51,-74.16	10312
40.75,-73.57	11590
40.75,-73.54	11590
40.75,-73.55	11590
40.75,-73.52	11801
40.66,-74.11	07002
40.75,-73.50	11714
40.76,-73.79	11358
40.75,-74.11	07032
40.87,-74.04	07601
40.94,-74.03	07661
41.03,-73.76	10606
40.94,-74.07	07652
40.63,-73.83	11693
40.63,-73.80	11693
41.03,-73.77	10601
40.63,-73.87	11239
40.63,-73.85	11414
41.03,-73.70	10577
40.63,-73.88	11239
40.63,-73.89	11236
40.73,-73.22	11751
40.77,-74.43	07940
40.96,-73.88	10703
40.77,-74.41	07932
40.83,-73.70	11050
40.77,-74.44	07940
40.92,-73.76	10538
40.96,-73.82	10707
40.96,-73.83	10710
40.96,-73.80	10707
40.96,-73.81	10707
40.96,-73.86	10710
40.83,-73.78	10464
40.96,-73.84	10710
40.96,-73.85	10710
40.60,-73.64	11561
40.64,-74.01	11220
40.92,-73.77	10801
40.64,-74.07	10301
40.92,-73.75	10538
40.92,-73.74	10543
40.64,-74.02	11220
40.64,-74.03	11220
40.64,-74.00	11219
40.60,-73.66	11558
40.92,-73.79	10801
40.64,-74.09	10301
40.89,-74.25	07470
40.89,-74.24	07424
40.89,-74.27	07004
40.89,-74.23	07512
40.81,-74.39	07936
40.64,-74.08	10301
40.71,-73.81	11435
40.71,-73.80	11432
40.71,-73.83	11415
40.71,-73.82	11435
40.71,-73.85	11375
40.71,-73.84	11375
40.71,-73.87	11379
40.71,-73.86	11385
40.71,-73.89	11385
40.71,-73.88	11385
40.79,-73.88	10474
40.75,-74.29	
40.79,-74.35	07039
40.58,-74.23	07008
40.79,-73.81	11357
40.79,-73.80	11357
40.79,-73.83	11357
40.79,-73.82	11357
40.79,-73.85	11356
40.79,-73.84	11356
40.79,-73.87	11369
40.75,-74.25	07079
40.68,-73.87	11208
40.68,-73.86	11416
40.68,-73.85	11417
40.68,-73.84	11417
40.68,-73.83	11420
40.68,-73.82	11420
40.68,-73.81	11420
40.68,-73.80	11436
40.92,-74.10	07663
40.92,-74.11	07410
40.92,-74.12	07407
40.67,-73.55	11566
40.92,-74.15	07514
40.68,-73.89	11207
40.68,-73.88	11208
40.34,-74.43	08831
40.23,-74.09	07753
40.72,-73.41	11735
40.72,-73.42	11735
40.72,-73.43	11735
40.73,-74.15	07105
40.73,-74.14	07105
40.73,-74.17	07102
40.73,-74.16	07105
40.73,-74.11	07032
40.73,-74.10	07032
40.73,-74.12	07114
40.69,-73.78	11434
40.58,-74.16	10314
40.58,-74.15	10314
40.60,-73.89	11234
40.60,-73.88	11234
40.60,-73.84	11693
40.60,-73.81	11693
40.58,-74.19	10314
40.65,-74.0	11232
40.61,-73.81	11693
40.82,-73.48	11797
40.78,-73.10	11716
40.93,-74.12	07410
40.71,-73.69	11003
40.71,-73.68	11010
40.71,-73.67	11010
41.11,-73.40	06855
40.71,-73.64	11550
40.71,-73.63	11550
40.47,-74.40	08816
40.71,-73.61	11550
41.15,-74.18	10974
40.55,-73.99	11224
40.87,-73.11	11755
40.68,-74.0	11231
40.55,-73.90	
40.55,-73.91	11697
40.55,-73.92	11697
40.82,-73.29	11725
40.55,-73.97	11224
40.90,-73.84	10466
40.90,-73.85	10466
40.90,-73.86	10470
41.24,-73.00	06460
40.72,-74.01	10013
40.72,-74.00	10013
40.72,-74.03	07311
40.90,-73.87	10470
40.72,-74.05	07302
40.72,-74.04	07302
40.72,-74.07	07304
40.72,-74.06	07302
40.72,-74.09	07304
40.90,-73.80	10803
40.90,-73.81	10803
40.63,-74.17	10303
40.60,-74.04	11209
40.90,-73.83	10550
40.77,-73.09	11716
41.27,-73.67	10536
40.91,-74.20	07502
40.91,-74.25	07470
40.91,-74.26	07470
40.91,-74.29	07035
40.14,-74.29	08527
40.75,-74.04	07307
40.80,-74.19	07003
40.75,-74.23	07106
40.80,-74.12	07071
40.80,-74.11	07071
40.80,-74.10	07071
40.75,-74.05	07307
40.38,-74.05	07701
40.98,-73.67	10580
40.71,-74.03	07311
40.75,-74.24	07079
41.04,-74.00	07675
40.69,-74.30	07033
40.69,-74.31	07083
40.69,-74.37	07092
40.70,-73.51	11793
40.48,-74.41	08816
40.67,-74.42	07922
41.20,-73.72	10549
40.51,-74.63	08844
40.75,-73.41	11735
41.25,-73.68	10507
40.75,-73.49	11714
40.75,-73.48	11714
40.63,-73.99	11219
40.63,-73.98	11204
40.50,-74.86	08822
40.63,-73.95	11210
40.63,-73.94	11210
40.63,-73.97	11230
40.63,-73.96	11230
40.63,-73.91	11236
40.63,-73.90	11236
40.63,-73.93	11234
40.63,-73.92	11234
41.02,-73.56	06870
41.02,-73.58	06878
40.73,-73.57	11530
40.88,-74.38	07034
40.83,-73.08	11779
40.86,-73.43	11743
40.77,-73.26	11706
40.86,-73.42	11743
40.73,-73.63	11530
40.70,-73.61	11550
40.64,-74.11	10310
40.64,-74.13	10310
40.76,-74.25	07050
40.76,-74.23	07050
40.76,-74.22	07018
40.76,-74.21	07018
40.76,-74.20	07017
40.89,-74.51	07866
40.81,-74.21	07042
40.81,-74.20	07028
40.85,-73.08	11720
40.79,-73.74	11021
40.79,-73.75	11023
40.79,-73.70	11030
40.46,-74.29	08859
40.79,-73.72	11021
40.47,-73.94	
40.79,-73.78	11360
40.79,-73.79	11359
41.13,-73.79	10570
41.13,-73.78	10570
40.31,-74.65	08540
40.31,-74.62	08550
41.49,-74.10	12553
40.85,-74.34	07058
40.92,-74.09	07653
40.92,-74.02	07646
40.92,-74.01	07621
40.92,-74.07	07653
40.72,-73.57	11554
40.72,-73.55	11554
40.72,-73.54	11554
40.72,-73.53	11756
40.72,-73.52	11756
40.72,-73.51	11756
40.12,-74.93	19020
40.84,-74.06	07074
40.72,-73.59	11756
40.72,-73.58	11530
41.07,-73.63	06830
41.07,-73.61	06830
40.74,-73.56	11590
41.07,-73.64	06830
41.23,-74.02	10980
40.84,-74.00	07657
40.68,-74.21	07208
41.07,-73.70	10573
40.68,-74.23	07208
40.58,-74.00	11224
40.69,-73.66	11552
40.58,-74.07	10305
41.09,-74.69	07848
40.58,-74.09	10305
40.58,-74.08	10305
41.08,-74.26	07456
41.01,-73.78	10583
41.01,-73.79	10583
41.01,-73.77	10606
41.07,-73.77	10595
41.01,-73.72	10604
41.01,-73.73	10605
41.01,-73.71	10580
40.54,-74.85	08822
40.71,-73.58	11553
40.71,-73.59	11553
40.89,-73.77	10805
40.70,-74.06	07304
40.71,-73.53	11554
40.89,-73.79	10805
40.89,-73.78	10805
40.71,-73.56	11554
41.21,-73.72	10549
40.69,-73.64	11552
40.40,-74.07	07737
41.05,-73.81	10592
40.99,-73.67	10573
40.78,-74.19	07003
40.99,-73.66	10573
40.82,-73.55	11732
40.78,-73.00	11772
41.12,-73.53	06903
40.78,-73.09	11716
40.87,-73.33	11731
41.30,-73.94	10567
40.76,-73.69	11042
40.91,-74.31	07035
40.57,-74.07	10305
40.57,-74.00	11224
40.33,-74.50	08512
40.57,-74.08	10305
40.57,-74.09	10306
40.88,-73.96	07632
40.88,-73.97	07631
40.88,-73.94	07632
40.88,-73.95	07632
40.88,-73.92	10463
40.58,-74.10	10306
40.88,-73.90	10463
40.88,-73.91	10463
40.52,-74.16	10308
40.44,-74.14	07734
40.88,-73.98	07631
40.80,-73.98	10024
40.80,-73.99	07093
40.80,-73.96	10025
40.80,-73.97	10025
40.80,-73.94	10035
40.80,-73.95	10026
40.80,-73.92	10454
40.80,-73.93	10035
40.80,-73.90	10454
40.80,-73.91	10454
40.98,-73.79	10583
40.98,-73.78	10583
40.98,-73.73	10528
40.98,-73.72	10528
40.77,-73.56	11590
40.98,-73.77	10583
40.77,-73.57	11590
40.62,-74.48	07069
40.62,-74.47	07069
41.12,-73.37	06880
40.88,-72.76	11949
40.69,-74.22	07205
40.48,-74.59	08844
40.69,-74.20	07201
40.69,-74.26	07083
41.01,-74.15	07481
41.01,-74.14	07463
40.86,-73.98	07605
40.86,-73.99	07605
40.86,-73.90	10468
40.86,-73.91	10453
40.86,-73.92	10040
40.86,-73.93	10040
40.86,-73.95	07632
40.86,-73.96	07024
40.86,-73.97	07024
40.26,-74.95	18940
40.75,-73.98	10016
40.75,-73.99	10001
41.33,-73.84	10588
40.75,-73.92	11101
40.75,-73.93	11101
40.75,-73.90	11377
40.75,-73.91	11104
40.75,-73.96	10044
40.75,-73.97	10017
40.75,-73.94	11101
40.73,-73.44	11735
40.64,-73.90	11236
40.64,-73.91	11236
40.64,-73.92	11234
40.64,-73.93	11203
40.82,-74.20	07042
40.64,-73.95	11226
40.64,-73.96	11226
40.64,-73.97	11218
40.64,-73.98	11218
40.64,-73.99	11219
41.27,-74.48	10969
40.96,-74.16	07506
40.96,-74.13	07452
40.58,-73.62	
40.58,-73.63	11569
40.58,-73.66	11561
40.40,-74.09	07748
40.58,-73.64	11561
40.58,-73.65	11561
40.58,-73.68	11561
40.58,-73.69	11561
40.89,-74.48	07834
40.89,-74.40	07005
40.30,-74.64	08550
40.79,-73.67	11030
40.79,-73.66	11576
40.79,-73.65	11577
40.79,-73.64	11577
40.75,-74.45	07935
40.90,-74.54	07801
40.79,-73.69	11030
40.79,-73.68	11030
40.92,-73.98	07670
40.53,-74.57	08890
40.53,-74.56	08873
40.93,-73.90	10701
40.93,-73.96	07670
40.53,-74.50	08873
40.73,-74.28	07040
41.02,-73.83	10502
41.02,-73.81	10530
41.02,-73.86	10522
40.71,-73.65	11552
40.72,-73.62	11530
40.72,-73.63	11530
40.72,-73.60	11756
40.72,-73.61	11550
40.72,-73.64	11530
40.72,-73.65	11530
41.07,-73.56	06902
40.72,-73.68	11530
41.07,-73.55	06905
40.12,-74.84	19007
40.64,-74.20	07202
40.66,-73.93	11203
40.66,-73.96	11225
40.92,-73.94	07670
41.08,-74.14	07430
40.66,-73.94	11203
40.92,-73.96	07670
41.01,-73.69	10573
41.01,-73.62	06830
41.01,-73.65	06830
41.01,-73.64	06830
41.01,-73.66	10573
40.95,-73.76	10538
40.71,-73.44	11735
40.71,-73.40	11701
40.69,-73.88	11208
40.69,-73.89	11385
40.69,-73.80	11435
40.69,-73.81	11419
40.69,-73.82	11419
40.69,-73.83	11419
40.69,-73.84	11416
40.69,-73.85	11421
40.69,-73.86	11421
40.69,-73.87	11208
40.76,-73.08	11782
40.76,-73.01	11772
40.67,-73.86	11208
40.67,-73.87	11208
40.67,-73.84	11417
40.67,-73.85	11414
40.67,-73.82	11420
40.67,-73.83	11420
40.67,-73.80	11436
40.67,-73.81	11420
40.77,-73.29	11706
40.62,-74.38	07076
40.67,-73.88	11208
40.67,-73.89	11207
40.91,-74.08	07662
40.91,-74.06	07607
40.91,-74.07	07652
40.91,-74.04	07601
40.91,-74.05	07601
40.91,-74.03	07601
40.91,-74.00	07666
40.91,-74.01	07621
41.18,-73.86	10562
40.61,-73.91	11234
40.57,-74.16	10314
40.57,-74.13	10306
40.89,-74.09	07663
40.57,-74.11	10306
40.57,-74.10	10306
40.61,-73.97	11230
40.62,-73.89	11239
40.57,-74.18	10312
40.88,-73.81	10475
40.88,-73.80	10475
40.88,-73.83	10475
40.88,-73.82	10475
40.88,-73.85	10469
40.88,-73.84	10469
40.88,-73.87	10467
40.88,-73.86	10467
40.88,-73.89	10468
40.88,-73.88	10467
41.03,-73.73	10577
40.80,-73.89	10474
40.80,-73.88	10474
40.80,-74.32	07039
40.38,-74.21	07733
40.80,-73.80	11357
40.80,-73.83	10473
40.80,-73.82	11357
40.80,-73.85	11356
40.80,-73.84	11356
40.80,-73.87	10474
40.80,-73.86	10473
40.98,-73.86	10710
40.60,-74.27	07065
40.98,-73.80	10583
40.98,-73.81	10583
40.98,-73.82	10583
40.98,-73.83	10583
40.24,-74.08	07712
40.69,-74.18	07114
40.69,-74.17	07201
40.69,-74.15	07114
40.69,-74.12	07105
40.69,-74.13	07002
40.69,-74.10	07305
40.69,-74.11	07305
40.72,-74.02	10282
40.57,-74.62	08876
40.22,-74.49	08555
40.57,-74.63	08869
40.67,-73.69	11580
40.51,-74.40	08817
40.67,-73.64	11570
40.67,-73.66	11565
40.67,-73.67	11565
40.67,-73.63	11570
40.86,-73.89	10458
40.86,-73.88	10458
40.86,-73.83	10469
40.86,-73.82	10469
40.86,-73.80	10464
40.86,-73.87	10467
40.86,-73.86	10469
40.86,-73.85	10469
